{
  "MAE": 8098.438657534246,
  "RMSE": 10162.844928849097,
  "R2": 0.6712844479000064
}